PRAGMA foreign_keys=OFF;
BEGIN TRANSACTION;
CREATE TABLE IF NOT EXISTS "drift_acc_types" ("id" INTEGER NOT NULL PRIMARY KEY AUTOINCREMENT, "name" TEXT NOT NULL, "primary" INTEGER NOT NULL, "added_date" INTEGER NOT NULL, "update_date" INTEGER NOT NULL, "is_editable" INTEGER NOT NULL DEFAULT 1 CHECK ("is_editable" IN (0, 1)));
INSERT INTO drift_acc_types VALUES(0,'Wallets',0,1743752343,1743752343,1);
INSERT INTO drift_acc_types VALUES(1,'Banks',0,1743752344,1743752344,1);
INSERT INTO drift_acc_types VALUES(2,'Credit Cards',2,1743752344,1743752344,1);
INSERT INTO drift_acc_types VALUES(3,'Loans',2,1743752344,1743752344,1);
INSERT INTO drift_acc_types VALUES(4,'Incomes',3,1743752344,1743752344,1);
INSERT INTO drift_acc_types VALUES(5,'Expenses',1,1743752344,1743752344,1);
INSERT INTO drift_acc_types VALUES(6,'Receivables',0,1743752344,1743752344,1);
INSERT INTO drift_acc_types VALUES(7,'People',0,1743752344,1743752344,1);
CREATE TABLE IF NOT EXISTS "drift_profiles" ("id" INTEGER NOT NULL PRIMARY KEY AUTOINCREMENT, "name" TEXT NOT NULL, "alias" TEXT NULL, "address" TEXT NULL, "zip" TEXT NULL, "email" TEXT NULL, "phone" TEXT NULL, "tin" TEXT NULL, "is_selected" INTEGER NOT NULL DEFAULT 0 CHECK ("is_selected" IN (0, 1)), "currency" INTEGER NOT NULL, "global_i_d" TEXT NULL, "is_local" INTEGER NOT NULL DEFAULT 1 CHECK ("is_local" IN (0, 1)), "added_date" INTEGER NOT NULL, "update_date" INTEGER NOT NULL);
INSERT INTO drift_profiles VALUES(1,'Personal',NULL,NULL,NULL,NULL,NULL,NULL,0,3,'84d7af80-c529-4bba-812d-e2abe6f7b06c',1,1743752354,1743752354);
CREATE TABLE IF NOT EXISTS "drift_accounts" ("id" INTEGER NOT NULL PRIMARY KEY AUTOINCREMENT, "name" TEXT NOT NULL, "open_bal" INTEGER NOT NULL DEFAULT 0, "open_date" INTEGER NOT NULL, "acc_type" INTEGER NOT NULL REFERENCES drift_acc_types (id) ON DELETE CASCADE, "added_date" INTEGER NOT NULL, "update_date" INTEGER NOT NULL, "is_editable" INTEGER NOT NULL DEFAULT 1 CHECK ("is_editable" IN (0, 1)), "profile" INTEGER NOT NULL REFERENCES drift_profiles (id) ON DELETE CASCADE);
INSERT INTO drift_accounts VALUES(1,'Cash',5250000,1735717157,0,1743752357,1743752357,1,1);
INSERT INTO drift_accounts VALUES(2,'Rent',0,946665000,5,1743752358,1743752358,1,1);
INSERT INTO drift_accounts VALUES(3,'Mortgage',0,946665000,5,1743752358,1743752358,1,1);
INSERT INTO drift_accounts VALUES(4,'Utilities',0,946665000,5,1743752358,1743752358,1,1);
INSERT INTO drift_accounts VALUES(5,'Internet Bill',0,946665000,5,1743752358,1743752358,1,1);
INSERT INTO drift_accounts VALUES(6,'Phone Bill',0,946665000,5,1743752358,1743752358,1,1);
INSERT INTO drift_accounts VALUES(7,'Groceries',0,946665000,5,1743752358,1743752358,1,1);
INSERT INTO drift_accounts VALUES(8,'Transportation',0,946665000,5,1743752358,1743752358,1,1);
INSERT INTO drift_accounts VALUES(9,'Fuel',0,946665000,5,1743752358,1743752358,1,1);
INSERT INTO drift_accounts VALUES(10,'Insurance',0,946665000,5,1743752358,1743752358,1,1);
INSERT INTO drift_accounts VALUES(11,'Loan Repayment',0,946665000,5,1743752358,1743752358,1,1);
INSERT INTO drift_accounts VALUES(12,'Dining Out',0,946665000,5,1743752358,1743752358,1,1);
INSERT INTO drift_accounts VALUES(13,'Subscription',0,946665000,5,1743752358,1743752358,1,1);
INSERT INTO drift_accounts VALUES(14,'Taxes',0,946665000,5,1743752358,1743752358,1,1);
INSERT INTO drift_accounts VALUES(15,'Investments',0,946665000,5,1743752358,1743752358,1,1);
INSERT INTO drift_accounts VALUES(16,'Healthcare',0,946665000,5,1743752358,1743752358,1,1);
INSERT INTO drift_accounts VALUES(17,'Salary',0,946665000,4,1743752358,1743752358,1,1);
INSERT INTO drift_accounts VALUES(18,'Freelance Income',0,946665000,4,1743752358,1743752358,1,1);
INSERT INTO drift_accounts VALUES(19,'Business Profits',0,946665000,4,1743752358,1743752358,1,1);
INSERT INTO drift_accounts VALUES(20,'Rental Income',0,946665000,4,1743752358,1743752358,1,1);
INSERT INTO drift_accounts VALUES(21,'Shithin',2000000,1735669800,6,1743752376,1743753335,1,1);
INSERT INTO drift_accounts VALUES(22,'afdsdasdsda',4200000,1735669800,7,1743752424,1743753734,1,1);
INSERT INTO drift_accounts VALUES(23,'SSSS',222000,1743753507,6,1743753519,1743753529,1,1);
INSERT INTO drift_accounts VALUES(24,'WWWW',2000000,1743753616,6,1743753630,1743754100,1,1);
INSERT INTO drift_accounts VALUES(25,'SBI',0,1743756751,1,1743756756,1743756756,1,1);
INSERT INTO drift_accounts VALUES(26,'ICICI',0,1743756758,2,1743756763,1743756763,1,1);
INSERT INTO drift_accounts VALUES(27,'CHOLA',0,1743756765,3,1743756769,1743756769,1,1);
CREATE TABLE IF NOT EXISTS "drift_budgets" ("id" INTEGER NOT NULL PRIMARY KEY AUTOINCREMENT, "name" TEXT NOT NULL, "interval" INTEGER NOT NULL, "details" TEXT NOT NULL, "start_day" INTEGER NOT NULL DEFAULT 1, "start_date" INTEGER NOT NULL, "profile" INTEGER NOT NULL REFERENCES drift_profiles (id) ON DELETE CASCADE, "added_date" INTEGER NOT NULL, "update_date" INTEGER NOT NULL);
CREATE TABLE IF NOT EXISTS "drift_projects" ("id" INTEGER NOT NULL PRIMARY KEY AUTOINCREMENT, "name" TEXT NOT NULL, "description" TEXT NULL, "start_date" INTEGER NULL, "profile" INTEGER NOT NULL REFERENCES drift_profiles (id) ON DELETE CASCADE, "end_date" INTEGER NULL, "status" INTEGER NOT NULL, "budget" INTEGER NULL REFERENCES drift_budgets (id) ON DELETE SET NULL, "added_date" INTEGER NOT NULL, "update_date" INTEGER NOT NULL);
CREATE TABLE IF NOT EXISTS "drift_transactions" ("id" INTEGER NOT NULL PRIMARY KEY AUTOINCREMENT, "vch_date" INTEGER NOT NULL, "narr" TEXT NOT NULL, "ref_no" TEXT NOT NULL, "vch_type" INTEGER NOT NULL, "dr" INTEGER NOT NULL REFERENCES drift_accounts (id) ON DELETE CASCADE, "cr" INTEGER NOT NULL REFERENCES drift_accounts (id) ON DELETE CASCADE, "amount" INTEGER NOT NULL DEFAULT 0, "profile" INTEGER NOT NULL REFERENCES drift_profiles (id) ON DELETE CASCADE, "project" INTEGER NULL REFERENCES drift_projects (id) ON DELETE SET NULL, "added_date" INTEGER NOT NULL, "update_date" INTEGER NOT NULL);
INSERT INTO drift_transactions VALUES(1,1735462374,'Cash Rental Income','',1,1,20,1057000,1,NULL,1743756774,1743756774);
INSERT INTO drift_transactions VALUES(2,1739782374,'Cash Rental Income','',1,1,20,1256000,1,NULL,1743756774,1743756774);
INSERT INTO drift_transactions VALUES(3,1704444775,'ICICI Internet Bill','',0,5,26,1415000,1,NULL,1743756775,1743756775);
INSERT INTO drift_transactions VALUES(4,1696236775,'ICICI Freelance Income','',1,26,18,502000,1,NULL,1743756775,1743756775);
INSERT INTO drift_transactions VALUES(5,1695372775,'Cash Investments','',0,15,1,769000,1,NULL,1743756775,1743756775);
INSERT INTO drift_transactions VALUES(6,1717145576,'CHOLA Salary','',1,27,17,598000,1,NULL,1743756776,1743756776);
INSERT INTO drift_transactions VALUES(7,1727772776,'SBI Transportation','',0,8,25,1262000,1,NULL,1743756776,1743756776);
INSERT INTO drift_transactions VALUES(8,1733475176,'ICICI Freelance Income','',1,26,18,1300000,1,NULL,1743756776,1743756776);
INSERT INTO drift_transactions VALUES(9,1697100776,'CHOLA Healthcare','',0,16,27,629000,1,NULL,1743756776,1743756776);
INSERT INTO drift_transactions VALUES(10,1686214377,'Cash Salary','',1,1,17,1192000,1,NULL,1743756777,1743756777);
INSERT INTO drift_transactions VALUES(11,1722502377,'Cash Rent','',0,2,1,959000,1,NULL,1743756777,1743756777);
INSERT INTO drift_transactions VALUES(12,1688115177,'SBI Rental Income','',1,25,20,818000,1,NULL,1743756777,1743756777);
INSERT INTO drift_transactions VALUES(13,1675673577,'CHOLA Taxes','',0,14,27,1121000,1,NULL,1743756777,1743756777);
INSERT INTO drift_transactions VALUES(14,1679302377,'Cash Business Profits','',1,1,19,533000,1,NULL,1743756777,1743756777);
INSERT INTO drift_transactions VALUES(15,1698655977,'ICICI Rent','',0,2,26,1084000,1,NULL,1743756777,1743756777);
INSERT INTO drift_transactions VALUES(16,1740127978,'CHOLA Rental Income','',1,27,20,1037000,1,NULL,1743756778,1743756778);
INSERT INTO drift_transactions VALUES(17,1697619178,'Cash Healthcare','',0,16,1,906000,1,NULL,1743756778,1743756778);
INSERT INTO drift_transactions VALUES(18,1676796778,'CHOLA Freelance Income','',1,27,18,874000,1,NULL,1743756778,1743756778);
INSERT INTO drift_transactions VALUES(19,1732524778,'Cash Dining Out','',0,12,1,654000,1,NULL,1743756778,1743756778);
INSERT INTO drift_transactions VALUES(20,1702543978,'Cash Business Profits','',1,1,19,681000,1,NULL,1743756778,1743756778);
INSERT INTO drift_transactions VALUES(21,1700902378,'SBI Loan Repayment','',0,11,25,1164000,1,NULL,1743756778,1743756778);
INSERT INTO drift_transactions VALUES(22,1742374378,'CHOLA Business Profits','',1,27,19,1048000,1,NULL,1743756778,1743756778);
INSERT INTO drift_transactions VALUES(23,1725094379,'ICICI Rent','',0,2,26,822000,1,NULL,1743756779,1743756779);
INSERT INTO drift_transactions VALUES(24,1715331179,'CHOLA Freelance Income','',1,27,18,831000,1,NULL,1743756779,1743756779);
INSERT INTO drift_transactions VALUES(25,1703407979,'ICICI Fuel','',0,9,26,899000,1,NULL,1743756779,1743756779);
INSERT INTO drift_transactions VALUES(26,1713257579,'SBI Freelance Income','',1,25,18,1448000,1,NULL,1743756779,1743756779);
INSERT INTO drift_transactions VALUES(27,1727513579,'Cash Dining Out','',0,12,1,1343000,1,NULL,1743756779,1743756779);
INSERT INTO drift_transactions VALUES(28,1713689579,'ICICI Rental Income','',1,26,20,1150000,1,NULL,1743756779,1743756779);
INSERT INTO drift_transactions VALUES(29,1697187180,'ICICI Transportation','',0,8,26,664000,1,NULL,1743756780,1743756780);
INSERT INTO drift_transactions VALUES(30,1733302380,'Cash Rental Income','',1,1,20,1256000,1,NULL,1743756780,1743756780);
INSERT INTO drift_transactions VALUES(31,1704012780,'SBI Subscription','',0,13,25,610000,1,NULL,1743756780,1743756780);
INSERT INTO drift_transactions VALUES(32,1714121580,'SBI Rental Income','',1,25,20,1203000,1,NULL,1743756780,1743756780);
INSERT INTO drift_transactions VALUES(33,1700902380,'CHOLA Subscription','',0,13,27,865000,1,NULL,1743756780,1743756780);
INSERT INTO drift_transactions VALUES(34,1706172780,'SBI Salary','',1,25,17,944000,1,NULL,1743756780,1743756780);
INSERT INTO drift_transactions VALUES(35,1694335980,'ICICI Healthcare','',0,16,26,1249000,1,NULL,1743756780,1743756780);
INSERT INTO drift_transactions VALUES(36,1736671981,'SBI Rental Income','',1,25,20,915000,1,NULL,1743756781,1743756781);
INSERT INTO drift_transactions VALUES(37,1731315181,'CHOLA Internet Bill','',0,5,27,1160000,1,NULL,1743756781,1743756781);
INSERT INTO drift_transactions VALUES(38,1705049581,'ICICI Business Profits','',1,26,19,1438000,1,NULL,1743756781,1743756781);
INSERT INTO drift_transactions VALUES(39,1718095981,'ICICI Rent','',0,2,26,984000,1,NULL,1743756781,1743756781);
INSERT INTO drift_transactions VALUES(40,1710838381,'Cash Rental Income','',1,1,20,805000,1,NULL,1743756781,1743756781);
INSERT INTO drift_transactions VALUES(41,1679993581,'ICICI Rent','',0,2,26,1216000,1,NULL,1743756782,1743756782);
INSERT INTO drift_transactions VALUES(42,1695977582,'Cash Freelance Income','',1,1,18,1295000,1,NULL,1743756782,1743756782);
INSERT INTO drift_transactions VALUES(43,1678697582,'ICICI Utilities','',0,4,26,1281000,1,NULL,1743756782,1743756782);
INSERT INTO drift_transactions VALUES(44,1727945582,'CHOLA Salary','',1,27,17,731000,1,NULL,1743756782,1743756782);
INSERT INTO drift_transactions VALUES(45,1678783982,'SBI Groceries','',0,7,25,1417000,1,NULL,1743756782,1743756782);
INSERT INTO drift_transactions VALUES(46,1711183982,'SBI Freelance Income','',1,25,18,642000,1,NULL,1743756782,1743756782);
INSERT INTO drift_transactions VALUES(47,1706086382,'SBI Dining Out','',0,12,25,1221000,1,NULL,1743756782,1743756782);
INSERT INTO drift_transactions VALUES(48,1708159983,'Cash Salary','',1,1,17,901000,1,NULL,1743756783,1743756783);
INSERT INTO drift_transactions VALUES(49,1703062383,'Cash Healthcare','',0,16,1,856000,1,NULL,1743756783,1743756783);
INSERT INTO drift_transactions VALUES(50,1679820783,'Cash Rental Income','',1,1,20,613000,1,NULL,1743756783,1743756783);
INSERT INTO drift_transactions VALUES(51,1690879983,'SBI Dining Out','',0,12,25,540000,1,NULL,1743756783,1743756783);
INSERT INTO drift_transactions VALUES(52,1709196783,'CHOLA Salary','',1,27,17,1174000,1,NULL,1743756783,1743756783);
INSERT INTO drift_transactions VALUES(53,1712911983,'ICICI Investments','',0,15,26,609000,1,NULL,1743756783,1743756783);
INSERT INTO drift_transactions VALUES(54,1742374383,'SBI Business Profits','',1,25,19,1407000,1,NULL,1743756783,1743756783);
INSERT INTO drift_transactions VALUES(55,1727340783,'ICICI Mortgage','',0,3,26,655000,1,NULL,1743756783,1743756783);
INSERT INTO drift_transactions VALUES(56,1715763184,'CHOLA Business Profits','',1,27,19,751000,1,NULL,1743756784,1743756784);
INSERT INTO drift_transactions VALUES(57,1711875184,'Cash Loan Repayment','',0,11,1,1162000,1,NULL,1743756784,1743756784);
INSERT INTO drift_transactions VALUES(58,1675759984,'CHOLA Rental Income','',1,27,20,808000,1,NULL,1743756784,1743756784);
INSERT INTO drift_transactions VALUES(59,1712220784,'Cash Rent','',0,2,1,1307000,1,NULL,1743756784,1743756784);
INSERT INTO drift_transactions VALUES(60,1700297584,'SBI Business Profits','',1,25,19,1283000,1,NULL,1743756784,1743756784);
INSERT INTO drift_transactions VALUES(61,1684572784,'SBI Insurance','',0,10,25,529000,1,NULL,1743756784,1743756784);
INSERT INTO drift_transactions VALUES(62,1707814384,'CHOLA Business Profits','',1,27,19,911000,1,NULL,1743756784,1743756784);
INSERT INTO drift_transactions VALUES(63,1686387184,'Cash Investments','',0,15,1,844000,1,NULL,1743756784,1743756784);
INSERT INTO drift_transactions VALUES(64,1742719984,'SBI Business Profits','',1,25,19,653000,1,NULL,1743756784,1743756784);
INSERT INTO drift_transactions VALUES(65,1693644785,'CHOLA Internet Bill','',0,5,27,828000,1,NULL,1743756785,1743756785);
INSERT INTO drift_transactions VALUES(66,1681289585,'CHOLA Business Profits','',1,27,19,1332000,1,NULL,1743756785,1743756785);
INSERT INTO drift_transactions VALUES(67,1684140785,'ICICI Rent','',0,2,26,513000,1,NULL,1743756785,1743756785);
INSERT INTO drift_transactions VALUES(68,1689065585,'SBI Salary','',1,25,17,870000,1,NULL,1743756785,1743756785);
INSERT INTO drift_transactions VALUES(69,1742374385,'SBI Groceries','',0,7,25,1440000,1,NULL,1743756785,1743756785);
INSERT INTO drift_transactions VALUES(70,1734079985,'ICICI Business Profits','',1,26,19,831000,1,NULL,1743756785,1743756785);
INSERT INTO drift_transactions VALUES(71,1732870385,'ICICI Insurance','',0,10,26,574000,1,NULL,1743756785,1743756785);
INSERT INTO drift_transactions VALUES(72,1704271986,'Cash Salary','',1,1,17,1278000,1,NULL,1743756786,1743756786);
INSERT INTO drift_transactions VALUES(73,1723798386,'CHOLA Groceries','',0,7,27,1373000,1,NULL,1743756786,1743756786);
INSERT INTO drift_transactions VALUES(74,1740387186,'CHOLA Rental Income','',1,27,20,1452000,1,NULL,1743756786,1743756786);
INSERT INTO drift_transactions VALUES(75,1739177586,'SBI Fuel','',0,9,25,766000,1,NULL,1743756786,1743756786);
INSERT INTO drift_transactions VALUES(76,1688028786,'CHOLA Salary','',1,27,17,1090000,1,NULL,1743756786,1743756786);
INSERT INTO drift_transactions VALUES(77,1720428786,'CHOLA Mortgage','',0,3,27,1275000,1,NULL,1743756786,1743756786);
INSERT INTO drift_transactions VALUES(78,1687596787,'Cash Salary','',1,1,17,727000,1,NULL,1743756787,1743756787);
INSERT INTO drift_transactions VALUES(79,1709196787,'SBI Fuel','',0,9,25,1396000,1,NULL,1743756787,1743756787);
INSERT INTO drift_transactions VALUES(80,1734511987,'SBI Freelance Income','',1,25,18,1285000,1,NULL,1743756787,1743756787);
INSERT INTO drift_transactions VALUES(81,1738572787,'SBI Mortgage','',0,3,25,1047000,1,NULL,1743756787,1743756787);
INSERT INTO drift_transactions VALUES(82,1691398387,'CHOLA Salary','',1,27,17,1431000,1,NULL,1743756787,1743756787);
INSERT INTO drift_transactions VALUES(83,1677747187,'ICICI Healthcare','',0,16,26,1349000,1,NULL,1743756787,1743756787);
INSERT INTO drift_transactions VALUES(84,1704444787,'ICICI Freelance Income','',1,26,18,994000,1,NULL,1743756787,1743756787);
INSERT INTO drift_transactions VALUES(85,1711183987,'ICICI Mortgage','',0,3,26,1283000,1,NULL,1743756787,1743756787);
INSERT INTO drift_transactions VALUES(86,1734511987,'ICICI Freelance Income','',1,26,18,1483000,1,NULL,1743756787,1743756787);
INSERT INTO drift_transactions VALUES(87,1702543988,'Cash Mortgage','',0,3,1,614000,1,NULL,1743756788,1743756788);
INSERT INTO drift_transactions VALUES(88,1682758388,'CHOLA Freelance Income','',1,27,18,1476000,1,NULL,1743756788,1743756788);
INSERT INTO drift_transactions VALUES(89,1728550388,'SBI Phone Bill','',0,6,25,991000,1,NULL,1743756788,1743756788);
INSERT INTO drift_transactions VALUES(90,1729414388,'Cash Freelance Income','',1,1,18,1481000,1,NULL,1743756788,1743756788);
INSERT INTO drift_transactions VALUES(91,1675414388,'ICICI Taxes','',0,14,26,1247000,1,NULL,1743756788,1743756788);
INSERT INTO drift_transactions VALUES(92,1730623989,'ICICI Rental Income','',1,26,20,552000,1,NULL,1743756789,1743756789);
INSERT INTO drift_transactions VALUES(93,1681548789,'ICICI Mortgage','',0,3,26,663000,1,NULL,1743756789,1743756789);
INSERT INTO drift_transactions VALUES(94,1736499189,'CHOLA Freelance Income','',1,27,18,675000,1,NULL,1743756789,1743756789);
INSERT INTO drift_transactions VALUES(95,1710665589,'ICICI Insurance','',0,10,26,1427000,1,NULL,1743756789,1743756789);
INSERT INTO drift_transactions VALUES(96,1686387189,'Cash Salary','',1,1,17,550000,1,NULL,1743756789,1743756789);
INSERT INTO drift_transactions VALUES(97,1719996790,'ICICI Insurance','',0,10,26,802000,1,NULL,1743756790,1743756790);
INSERT INTO drift_transactions VALUES(98,1701593590,'Cash Rental Income','',1,1,20,795000,1,NULL,1743756790,1743756790);
INSERT INTO drift_transactions VALUES(99,1691743990,'CHOLA Subscription','',0,13,27,1109000,1,NULL,1743756790,1743756790);
INSERT INTO drift_transactions VALUES(100,1684140790,'Cash Rental Income','',1,1,20,1413000,1,NULL,1743756790,1743756790);
INSERT INTO drift_transactions VALUES(101,1677574390,'ICICI Insurance','',0,10,26,1379000,1,NULL,1743756790,1743756790);
INSERT INTO drift_transactions VALUES(102,1722588790,'ICICI Freelance Income','',1,26,18,771000,1,NULL,1743756790,1743756790);
INSERT INTO drift_transactions VALUES(103,1723366391,'Cash Insurance','',0,10,1,945000,1,NULL,1743756791,1743756791);
INSERT INTO drift_transactions VALUES(104,1718441591,'CHOLA Business Profits','',1,27,19,1306000,1,NULL,1743756791,1743756791);
INSERT INTO drift_transactions VALUES(105,1732697591,'CHOLA Rent','',0,2,27,716000,1,NULL,1743756791,1743756791);
INSERT INTO drift_transactions VALUES(106,1723279991,'CHOLA Freelance Income','',1,27,18,815000,1,NULL,1743756791,1743756791);
INSERT INTO drift_transactions VALUES(107,1703926391,'CHOLA Internet Bill','',0,5,27,670000,1,NULL,1743756791,1743756791);
INSERT INTO drift_transactions VALUES(108,1722588791,'SBI Freelance Income','',1,25,18,729000,1,NULL,1743756791,1743756791);
INSERT INTO drift_transactions VALUES(109,1727254391,'SBI Transportation','',0,8,25,666000,1,NULL,1743756791,1743756791);
INSERT INTO drift_transactions VALUES(110,1742633592,'CHOLA Freelance Income','',1,27,18,553000,1,NULL,1743756792,1743756792);
INSERT INTO drift_transactions VALUES(111,1713343992,'ICICI Groceries','',0,7,26,643000,1,NULL,1743756792,1743756792);
INSERT INTO drift_transactions VALUES(112,1737190392,'SBI Salary','',1,25,17,647000,1,NULL,1743756792,1743756792);
INSERT INTO drift_transactions VALUES(113,1707123192,'CHOLA Transportation','',0,8,27,1141000,1,NULL,1743756792,1743756792);
INSERT INTO drift_transactions VALUES(114,1705827192,'Cash Rental Income','',1,1,20,1271000,1,NULL,1743756792,1743756792);
INSERT INTO drift_transactions VALUES(115,1693731193,'Cash Loan Repayment','',0,11,1,1136000,1,NULL,1743756793,1743756793);
INSERT INTO drift_transactions VALUES(116,1723884793,'ICICI Salary','',1,26,17,1175000,1,NULL,1743756793,1743756793);
INSERT INTO drift_transactions VALUES(117,1724662393,'Cash Groceries','',0,7,1,653000,1,NULL,1743756793,1743756793);
INSERT INTO drift_transactions VALUES(118,1735721593,'ICICI Salary','',1,26,17,909000,1,NULL,1743756793,1743756793);
INSERT INTO drift_transactions VALUES(119,1710665593,'SBI Fuel','',0,9,25,809000,1,NULL,1743756793,1743756793);
INSERT INTO drift_transactions VALUES(120,1717404793,'CHOLA Salary','',1,27,17,1120000,1,NULL,1743756793,1743756793);
INSERT INTO drift_transactions VALUES(121,1689670393,'ICICI Phone Bill','',0,6,26,1080000,1,NULL,1743756793,1743756793);
INSERT INTO drift_transactions VALUES(122,1735635194,'ICICI Freelance Income','',1,26,18,1033000,1,NULL,1743756794,1743756794);
INSERT INTO drift_transactions VALUES(123,1686991994,'CHOLA Healthcare','',0,16,27,1419000,1,NULL,1743756794,1743756794);
INSERT INTO drift_transactions VALUES(124,1739782394,'ICICI Rental Income','',1,26,20,1125000,1,NULL,1743756794,1743756794);
INSERT INTO drift_transactions VALUES(125,1703407994,'Cash Mortgage','',0,3,1,1312000,1,NULL,1743756794,1743756794);
INSERT INTO drift_transactions VALUES(126,1735030394,'CHOLA Rental Income','',1,27,20,1448000,1,NULL,1743756794,1743756794);
INSERT INTO drift_transactions VALUES(127,1728463995,'CHOLA Healthcare','',0,16,27,1430000,1,NULL,1743756795,1743756795);
INSERT INTO drift_transactions VALUES(128,1682412795,'SBI Business Profits','',1,25,19,1407000,1,NULL,1743756795,1743756795);
INSERT INTO drift_transactions VALUES(129,1700815995,'Cash Groceries','',0,7,1,899000,1,NULL,1743756795,1743756795);
INSERT INTO drift_transactions VALUES(130,1724575995,'SBI Business Profits','',1,25,19,1019000,1,NULL,1743756795,1743756795);
INSERT INTO drift_transactions VALUES(131,1736326395,'SBI Mortgage','',0,3,25,1446000,1,NULL,1743756795,1743756795);
INSERT INTO drift_transactions VALUES(132,1728118396,'Cash Freelance Income','',1,1,18,966000,1,NULL,1743756796,1743756796);
INSERT INTO drift_transactions VALUES(133,1727686396,'CHOLA Mortgage','',0,3,27,1480000,1,NULL,1743756796,1743756796);
INSERT INTO drift_transactions VALUES(134,1740300796,'Cash Freelance Income','',1,1,18,967000,1,NULL,1743756796,1743756796);
INSERT INTO drift_transactions VALUES(135,1727081596,'ICICI Groceries','',0,7,26,1456000,1,NULL,1743756796,1743756796);
INSERT INTO drift_transactions VALUES(136,1696841596,'CHOLA Business Profits','',1,27,19,1413000,1,NULL,1743756796,1743756796);
INSERT INTO drift_transactions VALUES(137,1716022396,'SBI Phone Bill','',0,6,25,825000,1,NULL,1743756796,1743756796);
INSERT INTO drift_transactions VALUES(138,1703407997,'CHOLA Salary','',1,27,17,833000,1,NULL,1743756797,1743756797);
INSERT INTO drift_transactions VALUES(139,1687596797,'ICICI Rent','',0,2,26,807000,1,NULL,1743756797,1743756797);
INSERT INTO drift_transactions VALUES(140,1686991997,'CHOLA Salary','',1,27,17,1432000,1,NULL,1743756797,1743756797);
INSERT INTO drift_transactions VALUES(141,1707987197,'CHOLA Fuel','',0,9,27,824000,1,NULL,1743756797,1743756797);
INSERT INTO drift_transactions VALUES(142,1679820797,'CHOLA Freelance Income','',1,27,18,1292000,1,NULL,1743756797,1743756797);
INSERT INTO drift_transactions VALUES(143,1697791998,'SBI Rent','',0,2,25,1352000,1,NULL,1743756798,1743756798);
INSERT INTO drift_transactions VALUES(144,1726908798,'Cash Rental Income','',1,1,20,1306000,1,NULL,1743756798,1743756798);
INSERT INTO drift_transactions VALUES(145,1731142398,'ICICI Insurance','',0,10,26,526000,1,NULL,1743756798,1743756798);
INSERT INTO drift_transactions VALUES(146,1721465598,'CHOLA Salary','',1,27,17,747000,1,NULL,1743756798,1743756798);
INSERT INTO drift_transactions VALUES(147,1722415998,'Cash Mortgage','',0,3,1,1027000,1,NULL,1743756798,1743756798);
INSERT INTO drift_transactions VALUES(148,1717577598,'ICICI Freelance Income','',1,26,18,1091000,1,NULL,1743756798,1743756798);
INSERT INTO drift_transactions VALUES(149,1715849599,'Cash Rent','',0,2,1,913000,1,NULL,1743756799,1743756799);
INSERT INTO drift_transactions VALUES(150,1694076799,'ICICI Business Profits','',1,26,19,1370000,1,NULL,1743756799,1743756799);
INSERT INTO drift_transactions VALUES(151,1687078399,'Cash Groceries','',0,7,1,1015000,1,NULL,1743756799,1743756799);
INSERT INTO drift_transactions VALUES(152,1740473599,'ICICI Freelance Income','',1,26,18,925000,1,NULL,1743756799,1743756799);
INSERT INTO drift_transactions VALUES(153,1689929599,'CHOLA Taxes','',0,14,27,1173000,1,NULL,1743756799,1743756799);
INSERT INTO drift_transactions VALUES(154,1719910399,'Cash Business Profits','',1,1,19,1465000,1,NULL,1743756799,1743756799);
INSERT INTO drift_transactions VALUES(155,1708332799,'ICICI Subscription','',0,13,26,1359000,1,NULL,1743756799,1743756799);
INSERT INTO drift_transactions VALUES(156,1734425600,'Cash Freelance Income','',1,1,18,1173000,1,NULL,1743756800,1743756800);
INSERT INTO drift_transactions VALUES(157,1725353600,'ICICI Loan Repayment','',0,11,26,714000,1,NULL,1743756800,1743756800);
INSERT INTO drift_transactions VALUES(158,1721465600,'Cash Business Profits','',1,1,19,964000,1,NULL,1743756800,1743756800);
INSERT INTO drift_transactions VALUES(159,1705222400,'CHOLA Internet Bill','',0,5,27,933000,1,NULL,1743756800,1743756800);
INSERT INTO drift_transactions VALUES(160,1675241600,'CHOLA Rental Income','',1,27,20,1050000,1,NULL,1743756800,1743756800);
INSERT INTO drift_transactions VALUES(161,1700643200,'Cash Internet Bill','',0,5,1,750000,1,NULL,1743756800,1743756800);
INSERT INTO drift_transactions VALUES(162,1685264000,'Cash Salary','',1,1,17,1133000,1,NULL,1743756800,1743756800);
INSERT INTO drift_transactions VALUES(163,1734166401,'CHOLA Dining Out','',0,12,27,1048000,1,NULL,1743756801,1743756801);
INSERT INTO drift_transactions VALUES(164,1712566401,'Cash Salary','',1,1,17,1155000,1,NULL,1743756801,1743756801);
INSERT INTO drift_transactions VALUES(165,1728896001,'Cash Healthcare','',0,16,1,506000,1,NULL,1743756801,1743756801);
INSERT INTO drift_transactions VALUES(166,1721724801,'CHOLA Business Profits','',1,27,19,1171000,1,NULL,1743756801,1743756801);
INSERT INTO drift_transactions VALUES(167,1707814401,'ICICI Mortgage','',0,3,26,1160000,1,NULL,1743756801,1743756801);
INSERT INTO drift_transactions VALUES(168,1715072001,'CHOLA Rental Income','',1,27,20,1371000,1,NULL,1743756801,1743756801);
INSERT INTO drift_transactions VALUES(169,1702630402,'CHOLA Groceries','',0,7,27,883000,1,NULL,1743756802,1743756802);
INSERT INTO drift_transactions VALUES(170,1730624002,'CHOLA Freelance Income','',1,27,18,969000,1,NULL,1743756802,1743756802);
INSERT INTO drift_transactions VALUES(171,1712048002,'SBI Internet Bill','',0,5,25,876000,1,NULL,1743756802,1743756802);
INSERT INTO drift_transactions VALUES(172,1739523202,'ICICI Salary','',1,26,17,1316000,1,NULL,1743756802,1743756802);
INSERT INTO drift_transactions VALUES(173,1706172802,'CHOLA Transportation','',0,8,27,533000,1,NULL,1743756802,1743756802);
INSERT INTO drift_transactions VALUES(174,1709801602,'ICICI Rental Income','',1,26,20,1048000,1,NULL,1743756803,1743756803);
INSERT INTO drift_transactions VALUES(175,1693904003,'Cash Transportation','',0,8,1,717000,1,NULL,1743756803,1743756803);
INSERT INTO drift_transactions VALUES(176,1729846403,'SBI Freelance Income','',1,25,18,665000,1,NULL,1743756803,1743756803);
INSERT INTO drift_transactions VALUES(177,1726476803,'SBI Insurance','',0,10,25,627000,1,NULL,1743756803,1743756803);
INSERT INTO drift_transactions VALUES(178,1691657603,'CHOLA Freelance Income','',1,27,18,801000,1,NULL,1743756803,1743756803);
INSERT INTO drift_transactions VALUES(179,1730883203,'Cash Transportation','',0,8,1,702000,1,NULL,1743756803,1743756803);
INSERT INTO drift_transactions VALUES(180,1710924803,'ICICI Freelance Income','',1,26,18,740000,1,NULL,1743756803,1743756803);
INSERT INTO drift_transactions VALUES(181,1696668804,'Cash Subscription','',0,13,1,1024000,1,NULL,1743756804,1743756804);
INSERT INTO drift_transactions VALUES(182,1719996804,'Cash Business Profits','',1,1,19,1064000,1,NULL,1743756804,1743756804);
INSERT INTO drift_transactions VALUES(183,1677401604,'CHOLA Transportation','',0,8,27,749000,1,NULL,1743756804,1743756804);
INSERT INTO drift_transactions VALUES(184,1700211204,'ICICI Freelance Income','',1,26,18,1498000,1,NULL,1743756804,1743756804);
INSERT INTO drift_transactions VALUES(185,1717577604,'SBI Subscription','',0,13,25,1266000,1,NULL,1743756804,1743756804);
INSERT INTO drift_transactions VALUES(186,1730710405,'CHOLA Freelance Income','',1,27,18,1375000,1,NULL,1743756805,1743756805);
INSERT INTO drift_transactions VALUES(187,1734080005,'Cash Subscription','',0,13,1,810000,1,NULL,1743756805,1743756805);
INSERT INTO drift_transactions VALUES(188,1686387205,'SBI Freelance Income','',1,25,18,597000,1,NULL,1743756805,1743756805);
INSERT INTO drift_transactions VALUES(189,1700384005,'SBI Insurance','',0,10,25,1487000,1,NULL,1743756805,1743756805);
INSERT INTO drift_transactions VALUES(190,1696668805,'CHOLA Rental Income','',1,27,20,1002000,1,NULL,1743756805,1743756805);
INSERT INTO drift_transactions VALUES(191,1715072005,'Cash Mortgage','',0,3,1,1273000,1,NULL,1743756805,1743756805);
INSERT INTO drift_transactions VALUES(192,1705481606,'Cash Salary','',1,1,17,591000,1,NULL,1743756806,1743756806);
INSERT INTO drift_transactions VALUES(193,1712307206,'SBI Transportation','',0,8,25,1310000,1,NULL,1743756806,1743756806);
INSERT INTO drift_transactions VALUES(194,1715244806,'ICICI Salary','',1,26,17,735000,1,NULL,1743756806,1743756806);
INSERT INTO drift_transactions VALUES(195,1678179206,'Cash Groceries','',0,7,1,882000,1,NULL,1743756806,1743756806);
INSERT INTO drift_transactions VALUES(196,1711875206,'SBI Salary','',1,25,17,1047000,1,NULL,1743756806,1743756806);
INSERT INTO drift_transactions VALUES(197,1705395206,'Cash Utilities','',0,4,1,897000,1,NULL,1743756806,1743756806);
INSERT INTO drift_transactions VALUES(198,1735462407,'ICICI Rental Income','',1,26,20,686000,1,NULL,1743756807,1743756807);
INSERT INTO drift_transactions VALUES(199,1709888007,'ICICI Groceries','',0,7,26,1232000,1,NULL,1743756807,1743756807);
INSERT INTO drift_transactions VALUES(200,1698310407,'CHOLA Rental Income','',1,27,20,1460000,1,NULL,1743756807,1743756807);
INSERT INTO drift_transactions VALUES(201,1723971207,'ICICI Dining Out','',0,12,26,1308000,1,NULL,1743756807,1743756807);
INSERT INTO drift_transactions VALUES(202,1688288007,'Cash Freelance Income','',1,1,18,1062000,1,NULL,1743756807,1743756807);
INSERT INTO drift_transactions VALUES(203,1704876807,'ICICI Utilities','',0,4,26,1068000,1,NULL,1743756807,1743756807);
INSERT INTO drift_transactions VALUES(204,1710665608,'ICICI Rental Income','',1,26,20,898000,1,NULL,1743756808,1743756808);
INSERT INTO drift_transactions VALUES(205,1685868808,'CHOLA Utilities','',0,4,27,1212000,1,NULL,1743756808,1743756808);
INSERT INTO drift_transactions VALUES(206,1713776008,'SBI Business Profits','',1,25,19,741000,1,NULL,1743756808,1743756808);
INSERT INTO drift_transactions VALUES(207,1697014408,'CHOLA Loan Repayment','',0,11,27,603000,1,NULL,1743756808,1743756808);
INSERT INTO drift_transactions VALUES(208,1683968008,'ICICI Rental Income','',1,26,20,1186000,1,NULL,1743756808,1743756808);
INSERT INTO drift_transactions VALUES(209,1701939208,'CHOLA Groceries','',0,7,27,1473000,1,NULL,1743756808,1743756808);
INSERT INTO drift_transactions VALUES(210,1708160009,'CHOLA Freelance Income','',1,27,18,601000,1,NULL,1743756809,1743756809);
INSERT INTO drift_transactions VALUES(211,1708764809,'Cash Phone Bill','',0,6,1,1355000,1,NULL,1743756809,1743756809);
INSERT INTO drift_transactions VALUES(212,1732438409,'ICICI Salary','',1,26,17,1356000,1,NULL,1743756809,1743756809);
INSERT INTO drift_transactions VALUES(213,1680252809,'Cash Utilities','',0,4,1,1373000,1,NULL,1743756809,1743756809);
INSERT INTO drift_transactions VALUES(214,1709888009,'ICICI Salary','',1,26,17,959000,1,NULL,1743756809,1743756809);
INSERT INTO drift_transactions VALUES(215,1683363209,'SBI Healthcare','',0,16,25,776000,1,NULL,1743756809,1743756809);
INSERT INTO drift_transactions VALUES(216,1743756931,'SBI Rental Income','5748',1,25,20,756000,1,NULL,1743756809,1743756954);
INSERT INTO drift_transactions VALUES(217,1697360010,'Cash Investments','',0,15,1,1108000,1,NULL,1743756810,1743756810);
INSERT INTO drift_transactions VALUES(218,1701593610,'Cash Freelance Income','',1,1,18,875000,1,NULL,1743756810,1743756810);
INSERT INTO drift_transactions VALUES(219,1690707211,'SBI Fuel','',0,9,25,732000,1,NULL,1743756811,1743756811);
INSERT INTO drift_transactions VALUES(220,1730796811,'Cash Salary','',1,1,17,727000,1,NULL,1743756811,1743756811);
INSERT INTO drift_transactions VALUES(221,1688806411,'ICICI Loan Repayment','',0,11,26,869000,1,NULL,1743756811,1743756811);
INSERT INTO drift_transactions VALUES(222,1739091211,'SBI Business Profits','',1,25,19,1495000,1,NULL,1743756811,1743756811);
INSERT INTO drift_transactions VALUES(223,1743152011,'CHOLA Investments','',0,15,27,1310000,1,NULL,1743756811,1743756811);
INSERT INTO drift_transactions VALUES(224,1704531211,'SBI Rental Income','',1,25,20,1319000,1,NULL,1743756811,1743756811);
INSERT INTO drift_transactions VALUES(225,1694940811,'CHOLA Mortgage','',0,3,27,535000,1,NULL,1743756811,1743756811);
INSERT INTO drift_transactions VALUES(226,1728032011,'ICICI Rental Income','',1,26,20,1238000,1,NULL,1743756811,1743756811);
INSERT INTO drift_transactions VALUES(227,1720860811,'SBI Utilities','',0,4,25,712000,1,NULL,1743756811,1743756811);
INSERT INTO drift_transactions VALUES(228,1696409611,'ICICI Rental Income','',1,26,20,1423000,1,NULL,1743756811,1743756811);
INSERT INTO drift_transactions VALUES(229,1686819212,'SBI Mortgage','',0,3,25,1165000,1,NULL,1743756812,1743756812);
INSERT INTO drift_transactions VALUES(230,1707641612,'ICICI Salary','',1,26,17,669000,1,NULL,1743756812,1743756812);
INSERT INTO drift_transactions VALUES(231,1711443212,'CHOLA Rent','',0,2,27,1007000,1,NULL,1743756812,1743756812);
INSERT INTO drift_transactions VALUES(232,1690620812,'CHOLA Salary','',1,27,17,606000,1,NULL,1743756812,1743756812);
INSERT INTO drift_transactions VALUES(233,1738486412,'ICICI Dining Out','',0,12,26,643000,1,NULL,1743756812,1743756812);
INSERT INTO drift_transactions VALUES(234,1719132812,'Cash Freelance Income','',1,1,18,1297000,1,NULL,1743756812,1743756812);
INSERT INTO drift_transactions VALUES(235,1716886412,'CHOLA Investments','',0,15,27,1058000,1,NULL,1743756812,1743756812);
INSERT INTO drift_transactions VALUES(236,1738832013,'ICICI Salary','',1,26,17,1496000,1,NULL,1743756813,1743756813);
INSERT INTO drift_transactions VALUES(237,1709024013,'CHOLA Internet Bill','',0,5,27,1370000,1,NULL,1743756813,1743756813);
INSERT INTO drift_transactions VALUES(238,1733561613,'SBI Salary','',1,25,17,722000,1,NULL,1743756813,1743756813);
INSERT INTO drift_transactions VALUES(239,1701939213,'ICICI Fuel','',0,9,26,1201000,1,NULL,1743756813,1743756813);
INSERT INTO drift_transactions VALUES(240,1690534413,'Cash Business Profits','',1,1,19,1343000,1,NULL,1743756813,1743756813);
INSERT INTO drift_transactions VALUES(241,1715072013,'CHOLA Dining Out','',0,12,27,1429000,1,NULL,1743756813,1743756813);
INSERT INTO drift_transactions VALUES(242,1683708813,'SBI Business Profits','',1,25,19,769000,1,NULL,1743756813,1743756813);
INSERT INTO drift_transactions VALUES(243,1690188814,'ICICI Transportation','',0,8,26,824000,1,NULL,1743756814,1743756814);
INSERT INTO drift_transactions VALUES(244,1681116814,'SBI Freelance Income','',1,25,18,1098000,1,NULL,1743756814,1743756814);
INSERT INTO drift_transactions VALUES(245,1711961614,'ICICI Taxes','',0,14,26,619000,1,NULL,1743756814,1743756814);
INSERT INTO drift_transactions VALUES(246,1679907214,'Cash Freelance Income','',1,1,18,1360000,1,NULL,1743756814,1743756814);
INSERT INTO drift_transactions VALUES(247,1742633614,'SBI Phone Bill','',0,6,25,1103000,1,NULL,1743756814,1743756814);
INSERT INTO drift_transactions VALUES(248,1738486414,'ICICI Salary','',1,26,17,743000,1,NULL,1743756814,1743756814);
INSERT INTO drift_transactions VALUES(249,1701593614,'CHOLA Taxes','',0,14,27,1441000,1,NULL,1743756814,1743756814);
INSERT INTO drift_transactions VALUES(250,1675587215,'ICICI Rental Income','',1,26,20,1295000,1,NULL,1743756815,1743756815);
INSERT INTO drift_transactions VALUES(251,1717836815,'CHOLA Dining Out','',0,12,27,1076000,1,NULL,1743756815,1743756815);
INSERT INTO drift_transactions VALUES(252,1723193615,'CHOLA Salary','',1,27,17,840000,1,NULL,1743756815,1743756815);
INSERT INTO drift_transactions VALUES(253,1702198415,'CHOLA Investments','',0,15,27,966000,1,NULL,1743756815,1743756815);
INSERT INTO drift_transactions VALUES(254,1691139215,'Cash Freelance Income','',1,1,18,898000,1,NULL,1743756815,1743756815);
INSERT INTO drift_transactions VALUES(255,1692348815,'Cash Internet Bill','',0,5,1,1344000,1,NULL,1743756815,1743756815);
INSERT INTO drift_transactions VALUES(256,1685436816,'SBI Business Profits','',1,25,19,1485000,1,NULL,1743756816,1743756816);
INSERT INTO drift_transactions VALUES(257,1723625616,'CHOLA Utilities','',0,4,27,1079000,1,NULL,1743756816,1743756816);
INSERT INTO drift_transactions VALUES(258,1712480016,'CHOLA Rental Income','',1,27,20,1191000,1,NULL,1743756816,1743756816);
INSERT INTO drift_transactions VALUES(259,1692089616,'SBI Transportation','',0,8,25,976000,1,NULL,1743756816,1743756816);
INSERT INTO drift_transactions VALUES(260,1710320016,'SBI Freelance Income','',1,25,18,525000,1,NULL,1743756816,1743756816);
INSERT INTO drift_transactions VALUES(261,1739350416,'SBI Utilities','',0,4,25,784000,1,NULL,1743756816,1743756816);
INSERT INTO drift_transactions VALUES(262,1708246416,'ICICI Salary','',1,26,17,603000,1,NULL,1743756816,1743756816);
INSERT INTO drift_transactions VALUES(263,1700729617,'Cash Fuel','',0,9,1,607000,1,NULL,1743756817,1743756817);
INSERT INTO drift_transactions VALUES(264,1735030417,'ICICI Rental Income','',1,26,20,1342000,1,NULL,1743756817,1743756817);
INSERT INTO drift_transactions VALUES(265,1718614417,'ICICI Mortgage','',0,3,26,1056000,1,NULL,1743756817,1743756817);
INSERT INTO drift_transactions VALUES(266,1739264017,'ICICI Freelance Income','',1,26,18,1230000,1,NULL,1743756817,1743756817);
INSERT INTO drift_transactions VALUES(267,1736499217,'Cash Groceries','',0,7,1,829000,1,NULL,1743756817,1743756817);
INSERT INTO drift_transactions VALUES(268,1734166417,'SBI Salary','',1,25,17,841000,1,NULL,1743756817,1743756817);
INSERT INTO drift_transactions VALUES(269,1723280018,'ICICI Dining Out','',0,12,26,728000,1,NULL,1743756818,1743756818);
INSERT INTO drift_transactions VALUES(270,1707641618,'ICICI Business Profits','',1,26,19,1192000,1,NULL,1743756818,1743756818);
INSERT INTO drift_transactions VALUES(271,1711443220,'CHOLA Insurance','',0,10,27,726000,1,NULL,1743756820,1743756820);
INSERT INTO drift_transactions VALUES(272,1727427221,'ICICI Freelance Income','',1,26,18,1079000,1,NULL,1743756821,1743756821);
INSERT INTO drift_transactions VALUES(273,1737363221,'ICICI Taxes','',0,14,26,593000,1,NULL,1743756821,1743756821);
INSERT INTO drift_transactions VALUES(274,1720601622,'Cash Rental Income','',1,1,20,897000,1,NULL,1743756822,1743756822);
INSERT INTO drift_transactions VALUES(275,1701939222,'CHOLA Utilities','',0,4,27,877000,1,NULL,1743756822,1743756822);
INSERT INTO drift_transactions VALUES(276,1687769622,'CHOLA Freelance Income','',1,27,18,793000,1,NULL,1743756822,1743756822);
INSERT INTO drift_transactions VALUES(277,1727772822,'Cash Dining Out','',0,12,1,1457000,1,NULL,1743756822,1743756822);
INSERT INTO drift_transactions VALUES(278,1695804822,'CHOLA Salary','',1,27,17,831000,1,NULL,1743756822,1743756822);
INSERT INTO drift_transactions VALUES(279,1711529622,'SBI Subscription','',0,13,25,1159000,1,NULL,1743756822,1743756822);
INSERT INTO drift_transactions VALUES(280,1674809622,'Cash Freelance Income','',1,1,18,1085000,1,NULL,1743756822,1743756822);
INSERT INTO drift_transactions VALUES(281,1694508823,'SBI Mortgage','',0,3,25,1102000,1,NULL,1743756823,1743756823);
INSERT INTO drift_transactions VALUES(282,1684918423,'Cash Salary','',1,1,17,1381000,1,NULL,1743756823,1743756823);
INSERT INTO drift_transactions VALUES(283,1690534423,'ICICI Groceries','',0,7,26,1042000,1,NULL,1743756823,1743756823);
INSERT INTO drift_transactions VALUES(284,1716022423,'SBI Freelance Income','',1,25,18,1386000,1,NULL,1743756823,1743756823);
INSERT INTO drift_transactions VALUES(285,1704617623,'CHOLA Mortgage','',0,3,27,1343000,1,NULL,1743756823,1743756823);
INSERT INTO drift_transactions VALUES(286,1694940823,'Cash Freelance Income','',1,1,18,1385000,1,NULL,1743756823,1743756823);
INSERT INTO drift_transactions VALUES(287,1738227223,'ICICI Groceries','',0,7,26,1442000,1,NULL,1743756823,1743756823);
INSERT INTO drift_transactions VALUES(288,1730537623,'Cash Freelance Income','',1,1,18,672000,1,NULL,1743756823,1743756823);
INSERT INTO drift_transactions VALUES(289,1740473624,'CHOLA Internet Bill','',0,5,27,1014000,1,NULL,1743756824,1743756824);
INSERT INTO drift_transactions VALUES(290,1733561624,'CHOLA Rental Income','',1,27,20,950000,1,NULL,1743756824,1743756824);
INSERT INTO drift_transactions VALUES(291,1735030424,'CHOLA Groceries','',0,7,27,1118000,1,NULL,1743756824,1743756824);
INSERT INTO drift_transactions VALUES(292,1714553624,'Cash Salary','',1,1,17,931000,1,NULL,1743756824,1743756824);
INSERT INTO drift_transactions VALUES(293,1678697624,'SBI Phone Bill','',0,6,25,1485000,1,NULL,1743756824,1743756824);
INSERT INTO drift_transactions VALUES(294,1698742424,'CHOLA Rental Income','',1,27,20,617000,1,NULL,1743756824,1743756824);
INSERT INTO drift_transactions VALUES(295,1689929624,'CHOLA Loan Repayment','',0,11,27,1063000,1,NULL,1743756824,1743756824);
INSERT INTO drift_transactions VALUES(296,1688374424,'Cash Business Profits','',1,1,19,693000,1,NULL,1743756824,1743756824);
INSERT INTO drift_transactions VALUES(297,1719219224,'ICICI Healthcare','',0,16,26,1045000,1,NULL,1743756824,1743756824);
INSERT INTO drift_transactions VALUES(298,1714121625,'CHOLA Freelance Income','',1,27,18,1391000,1,NULL,1743756825,1743756825);
INSERT INTO drift_transactions VALUES(299,1735462425,'ICICI Insurance','',0,10,26,609000,1,NULL,1743756825,1743756825);
INSERT INTO drift_transactions VALUES(300,1709456025,'ICICI Salary','',1,26,17,966000,1,NULL,1743756825,1743756825);
INSERT INTO drift_transactions VALUES(301,1698137625,'CHOLA Loan Repayment','',0,11,27,1288000,1,NULL,1743756825,1743756825);
INSERT INTO drift_transactions VALUES(302,1741596825,'SBI Business Profits','',1,25,19,1359000,1,NULL,1743756825,1743756825);
INSERT INTO drift_transactions VALUES(303,1740646425,'ICICI Fuel','',0,9,26,737000,1,NULL,1743756825,1743756825);
INSERT INTO drift_transactions VALUES(304,1725008025,'SBI Rental Income','',1,25,20,508000,1,NULL,1743756825,1743756825);
INSERT INTO drift_transactions VALUES(305,1720860826,'Cash Insurance','',0,10,1,556000,1,NULL,1743756826,1743756826);
INSERT INTO drift_transactions VALUES(306,1712998426,'CHOLA Salary','',1,27,17,726000,1,NULL,1743756826,1743756826);
INSERT INTO drift_transactions VALUES(307,1689584026,'Cash Transportation','',0,8,1,1023000,1,NULL,1743756826,1743756826);
INSERT INTO drift_transactions VALUES(308,1724835226,'SBI Salary','',1,25,17,1136000,1,NULL,1743756826,1743756826);
INSERT INTO drift_transactions VALUES(309,1715072026,'SBI Healthcare','',0,16,25,1343000,1,NULL,1743756826,1743756826);
INSERT INTO drift_transactions VALUES(310,1686300826,'ICICI Rental Income','',1,26,20,1121000,1,NULL,1743756826,1743756826);
INSERT INTO drift_transactions VALUES(311,1701593627,'CHOLA Subscription','',0,13,27,768000,1,NULL,1743756827,1743756827);
INSERT INTO drift_transactions VALUES(312,1680080027,'Cash Business Profits','',1,1,19,1191000,1,NULL,1743756827,1743756827);
INSERT INTO drift_transactions VALUES(313,1704358427,'Cash Internet Bill','',0,5,1,999000,1,NULL,1743756827,1743756827);
INSERT INTO drift_transactions VALUES(314,1688288027,'CHOLA Business Profits','',1,27,19,1459000,1,NULL,1743756827,1743756827);
INSERT INTO drift_transactions VALUES(315,1722243227,'SBI Taxes','',0,14,25,903000,1,NULL,1743756827,1743756827);
INSERT INTO drift_transactions VALUES(316,1737363227,'ICICI Freelance Income','',1,26,18,1058000,1,NULL,1743756827,1743756827);
INSERT INTO drift_transactions VALUES(317,1687164827,'ICICI Rent','',0,2,26,1326000,1,NULL,1743756827,1743756827);
INSERT INTO drift_transactions VALUES(318,1697100828,'Cash Business Profits','',1,1,19,1452000,1,NULL,1743756828,1743756828);
INSERT INTO drift_transactions VALUES(319,1727340828,'SBI Mortgage','',0,3,25,616000,1,NULL,1743756828,1743756828);
INSERT INTO drift_transactions VALUES(320,1709110428,'SBI Business Profits','',1,25,19,707000,1,NULL,1743756828,1743756828);
INSERT INTO drift_transactions VALUES(321,1690275228,'ICICI Utilities','',0,4,26,1432000,1,NULL,1743756828,1743756828);
INSERT INTO drift_transactions VALUES(322,1724748828,'CHOLA Salary','',1,27,17,750000,1,NULL,1743756828,1743756828);
INSERT INTO drift_transactions VALUES(323,1708419230,'CHOLA Mortgage','',0,3,27,500000,1,NULL,1743756830,1743756830);
INSERT INTO drift_transactions VALUES(324,1709974430,'Cash Rental Income','',1,1,20,547000,1,NULL,1743756830,1743756830);
INSERT INTO drift_transactions VALUES(325,1701420831,'ICICI Mortgage','',0,3,26,1443000,1,NULL,1743756831,1743756831);
CREATE TABLE IF NOT EXISTS "drift_users" ("id" INTEGER NOT NULL PRIMARY KEY AUTOINCREMENT, "name" TEXT NOT NULL, "device_i_d" TEXT NOT NULL, "photo_path" TEXT NOT NULL);
CREATE TABLE IF NOT EXISTS "drift_banks" ("id" INTEGER NOT NULL PRIMARY KEY AUTOINCREMENT, "account" INTEGER NOT NULL REFERENCES drift_accounts (id) ON DELETE CASCADE, "holder_name" TEXT NULL, "institution" TEXT NULL, "branch" TEXT NULL, "branch_code" TEXT NULL, "account_no" TEXT NULL);
INSERT INTO drift_banks VALUES(1,25,NULL,NULL,NULL,NULL,NULL);
CREATE TABLE IF NOT EXISTS "drift_wallets" ("id" INTEGER NOT NULL PRIMARY KEY AUTOINCREMENT, "account" INTEGER NOT NULL REFERENCES drift_accounts (id) ON DELETE CASCADE);
INSERT INTO drift_wallets VALUES(1,1);
CREATE TABLE IF NOT EXISTS "drift_loans" ("id" INTEGER NOT NULL PRIMARY KEY AUTOINCREMENT, "account" INTEGER NOT NULL REFERENCES drift_accounts (id) ON DELETE CASCADE, "institution" TEXT NULL, "interest_rate" REAL NULL, "start_date" INTEGER NULL, "end_date" INTEGER NULL, "agreement_no" TEXT NULL, "account_no" TEXT NULL);
INSERT INTO drift_loans VALUES(1,27,NULL,NULL,NULL,NULL,NULL,NULL);
CREATE TABLE IF NOT EXISTS "drift_c_cards" ("id" INTEGER NOT NULL PRIMARY KEY AUTOINCREMENT, "account" INTEGER NOT NULL REFERENCES drift_accounts (id) ON DELETE CASCADE, "institution" TEXT NULL, "statement_date" INTEGER NULL DEFAULT 1, "card_no" TEXT NULL, "card_network" TEXT NULL);
INSERT INTO drift_c_cards VALUES(1,26,NULL,NULL,NULL,NULL);
CREATE TABLE IF NOT EXISTS "drift_balances" ("id" INTEGER NOT NULL PRIMARY KEY AUTOINCREMENT, "account" INTEGER NOT NULL REFERENCES drift_accounts (id) ON DELETE CASCADE, "amount" INTEGER NOT NULL DEFAULT 0);
INSERT INTO drift_balances VALUES(1,1,15408000);
INSERT INTO drift_balances VALUES(2,2,13006000);
INSERT INTO drift_balances VALUES(3,3,20995000);
INSERT INTO drift_balances VALUES(4,4,10715000);
INSERT INTO drift_balances VALUES(5,5,11359000);
INSERT INTO drift_balances VALUES(6,6,6839000);
INSERT INTO drift_balances VALUES(7,7,17797000);
INSERT INTO drift_balances VALUES(8,8,10567000);
INSERT INTO drift_balances VALUES(9,9,7971000);
INSERT INTO drift_balances VALUES(10,10,10187000);
INSERT INTO drift_balances VALUES(11,11,7999000);
INSERT INTO drift_balances VALUES(12,12,11447000);
INSERT INTO drift_balances VALUES(13,13,8970000);
INSERT INTO drift_balances VALUES(14,14,7097000);
INSERT INTO drift_balances VALUES(15,15,6664000);
INSERT INTO drift_balances VALUES(16,16,11508000);
INSERT INTO drift_balances VALUES(17,17,40609000);
INSERT INTO drift_balances VALUES(18,18,49041000);
INSERT INTO drift_balances VALUES(19,19,35933000);
INSERT INTO drift_balances VALUES(20,20,42185000);
INSERT INTO drift_balances VALUES(21,21,2000000);
INSERT INTO drift_balances VALUES(22,22,4200000);
INSERT INTO drift_balances VALUES(23,23,222000);
INSERT INTO drift_balances VALUES(24,24,2000000);
INSERT INTO drift_balances VALUES(25,25,-3477000);
INSERT INTO drift_balances VALUES(26,26,4551000);
INSERT INTO drift_balances VALUES(27,27,-2517000);
CREATE TABLE IF NOT EXISTS "drift_transaction_photos" ("id" INTEGER NOT NULL PRIMARY KEY AUTOINCREMENT, "transaction" INTEGER NOT NULL REFERENCES drift_transactions (id) ON DELETE CASCADE, "path" TEXT NOT NULL);
INSERT INTO drift_transaction_photos VALUES(1,216,'/home/god/snap/code/187/.local/share/Pursenal/images/15286644.jpg');
INSERT INTO drift_transaction_photos VALUES(2,216,'/home/god/snap/code/187/.local/share/Pursenal/images/41804171.jpg');
INSERT INTO drift_transaction_photos VALUES(3,216,'/home/god/snap/code/187/.local/share/Pursenal/images/23590657.jpg');
CREATE TABLE IF NOT EXISTS "drift_budget_accounts" ("id" INTEGER NOT NULL PRIMARY KEY AUTOINCREMENT, "account" INTEGER NOT NULL REFERENCES drift_accounts (id) ON DELETE CASCADE, "budget" INTEGER NOT NULL REFERENCES drift_budgets (id) ON DELETE CASCADE, "amount" INTEGER NOT NULL DEFAULT 0);
CREATE TABLE IF NOT EXISTS "drift_budget_funds" ("id" INTEGER NOT NULL PRIMARY KEY AUTOINCREMENT, "account" INTEGER NOT NULL REFERENCES drift_accounts (id) ON DELETE CASCADE, "budget" INTEGER NOT NULL REFERENCES drift_budgets (id) ON DELETE CASCADE);
CREATE TABLE IF NOT EXISTS "drift_project_photos" ("id" INTEGER NOT NULL PRIMARY KEY AUTOINCREMENT, "project" INTEGER NOT NULL REFERENCES drift_projects (id) ON DELETE CASCADE, "path" TEXT NOT NULL);
CREATE TABLE IF NOT EXISTS "drift_subscriptions" ("id" INTEGER NOT NULL PRIMARY KEY AUTOINCREMENT, "account" INTEGER NOT NULL REFERENCES drift_accounts (id) ON DELETE CASCADE, "profile" INTEGER NOT NULL REFERENCES drift_profiles (id) ON DELETE CASCADE, "interval" INTEGER NOT NULL, "day" INTEGER NOT NULL DEFAULT 1, "amount" INTEGER NOT NULL DEFAULT 0, "added_date" INTEGER NOT NULL, "update_date" INTEGER NOT NULL);
CREATE TABLE IF NOT EXISTS "drift_receivables" ("id" INTEGER NOT NULL PRIMARY KEY AUTOINCREMENT, "account_id" INTEGER NOT NULL REFERENCES drift_accounts (id) ON DELETE CASCADE, "total_amount" INTEGER NULL, "paid_date" INTEGER NULL);
INSERT INTO drift_receivables VALUES(1,21,7000000,NULL);
INSERT INTO drift_receivables VALUES(2,21,7000000,1744914600);
INSERT INTO drift_receivables VALUES(3,21,NULL,NULL);
INSERT INTO drift_receivables VALUES(4,23,5000000,1554057000);
INSERT INTO drift_receivables VALUES(5,23,5000000,1554057000);
INSERT INTO drift_receivables VALUES(6,24,7000000,1743445800);
CREATE TABLE IF NOT EXISTS "drift_people" ("id" INTEGER NOT NULL PRIMARY KEY AUTOINCREMENT, "account_id" INTEGER NOT NULL REFERENCES drift_accounts (id) ON DELETE CASCADE, "address" TEXT NULL, "zip" TEXT NULL, "email" TEXT NULL, "phone" TEXT NULL, "tin" TEXT NULL);
INSERT INTO drift_people VALUES(1,22,'','','','','');
INSERT INTO sqlite_sequence VALUES('drift_acc_types',7);
INSERT INTO sqlite_sequence VALUES('drift_profiles',1);
INSERT INTO sqlite_sequence VALUES('drift_accounts',27);
INSERT INTO sqlite_sequence VALUES('drift_balances',27);
INSERT INTO sqlite_sequence VALUES('drift_wallets',1);
INSERT INTO sqlite_sequence VALUES('drift_receivables',6);
INSERT INTO sqlite_sequence VALUES('drift_people',1);
INSERT INTO sqlite_sequence VALUES('drift_banks',1);
INSERT INTO sqlite_sequence VALUES('drift_c_cards',1);
INSERT INTO sqlite_sequence VALUES('drift_loans',1);
INSERT INTO sqlite_sequence VALUES('drift_transactions',325);
INSERT INTO sqlite_sequence VALUES('drift_transaction_photos',3);
COMMIT;
